observationId,observationStartMJD_TAI,visitTime,visitExposureTime,filter,seeingFwhmGeom_arcsec,seeingFwhmEff_arcsec,fieldFiveSigmaDepth_mag,fieldRA_deg,fieldDec_deg,fieldRotSkyPos_deg
0,60218.001805555556,34.0,30.0,y,0.6673703914220546,0.7486257803188012,22.370556803880852,310.02448010095446,-60.81292801655155,62.75077469249649
84,60218.04102483214,34.0,30.0,y,1.172316844626727,1.3629158693755803,21.68371576638282,321.2719271452396,-59.809500600350795,57.31193891329498
168,60218.08029597352,34.0,30.0,y,1.5663743894182312,1.8423046099978482,21.33344272531732,315.2615145515285,-59.08643027237226,22.05444012210192
252,60218.120258192735,34.0,30.0,y,1.9459300038818388,2.3040510996129426,20.990126966718357,304.3148471805068,-64.96575313316377,351.4609951202081
336,60218.15840638486,34.0,30.0,y,1.4017179414305958,1.6419926294776106,21.44322103794473,324.11956604407646,-28.47300426399481,302.3236983251683
420,60218.19610750043,34.0,30.0,y,1.8074199755260516,2.1355474154818146,21.148290994450356,340.46377836389087,-28.912947701613604,303.5959929305079
504,60218.23399130675,34.0,30.0,y,1.1178427254152505,1.2966456513567526,21.69270199133067,4.380451697856905,-58.06807312971962,10.790209840672379
588,60218.27317022792,34.0,30.0,y,1.587540029319575,1.868053563649118,21.158040100107666,344.2948469401453,-39.222538085838224,308.73135891600435
672,60218.31073482621,34.0,30.0,y,1.3896739910903215,1.6273406217643815,21.327078910094652,0.6139652822360526,-43.779327056023334,315.42317703784795
756,60218.34885681439,34.0,30.0,y,1.1130227544047429,1.2907819396651372,21.427445587664774,359.07906257834594,-76.60614221529197,330.21215604145476
848,60218.98462644687,34.0,30.0,i,1.1027086372149535,1.2782343518430093,22.951091131134614,307.3355402760053,-23.54289743479277,112.25651472435484
934,60219.02518547363,34.0,30.0,r,1.1140265614307225,1.2920031160957695,23.783934911547988,315.77501709690404,-16.16421797718878,146.9533993361905
1020,60219.0661378798,34.0,30.0,i,0.890955409591332,1.0206270189675573,23.314039303275745,326.2976890812677,-7.439172876086323,164.1525009231438
1106,60219.10687401821,34.0,30.0,z,1.10948229618198,1.2864748128734549,22.318801828243426,310.4125577298669,15.098193207532905,200.7230790521828
1192,60219.146818685746,34.0,30.0,y,0.9830339622796714,1.1326447229679701,21.824420501949216,320.7427025897269,-7.537495744006567,218.8077511802683
1278,60219.18539135996,34.0,30.0,y,1.0668816041831732,1.23464915350751,21.687970108043196,342.14163339935084,0.6859112855852335,205.1157016484119
1364,60219.223992838495,34.0,30.0,y,0.8994049958910737,1.0309063210353695,21.803992507596448,332.56688956088294,-12.494240199837542,230.48117128971685
1450,60219.26586073949,34.0,30.0,z,1.6029238998661064,1.8867687346303,21.748294618985028,305.0316628364218,-67.30367823908416,246.99215644570148
1536,60219.30884621028,34.0,30.0,i,1.5016238210266104,1.7635326289861442,22.24284241988586,331.2621665962138,-80.10998832520323,264.4285446786961
1622,60219.35108203755,34.0,30.0,y,1.4565477083358263,1.708695508924363,21.089385347894385,346.88075761715567,-62.0336288369855,253.65716286979622
1716,60219.98597052322,34.0,30.0,r,0.830237385758928,0.9467608099257032,23.826346140202283,307.4002634176082,-40.91778035899756,104.59385652230426
1740,60219.99849089562,34.0,30.0,i,0.7209730140872552,0.8138357835611377,23.833363326572027,315.39172320257876,-39.735881118357746,114.79270778746053
1764,60220.00955767009,34.0,30.0,i,0.6994552242961426,0.787658423717935,23.88467147275822,326.40829368698223,-39.01387071787915,128.53057080608752
1788,60220.020701738285,34.0,30.0,i,0.8626814021409397,0.9862304162298536,23.561994433527694,307.30155246109223,-68.96105558320505,56.22269501241036
1812,60220.033334165535,34.0,30.0,z,0.6720574728501705,0.7543278258517889,23.31111099011627,323.0954450538153,-37.68626533060827,109.63906796570174
1836,60220.044704489505,34.0,30.0,z,0.6633211116572645,0.7436996492180833,23.252746411242637,317.75924658484854,-62.77274911860139,58.90168873649831
1860,60220.0557548777,34.0,30.0,z,0.652381619656961,0.7303912647894902,23.333588091658548,329.5982199641291,-48.8759543624757,80.33577270030757
1884,60220.06703466249,34.0,30.0,z,0.7160153867454375,0.8078046067462744,23.12962841237293,315.6168408344929,-68.33131497672468,44.47845115318154
1908,60220.07944840978,34.0,30.0,y,0.4808882207055348,0.5217618256758331,22.855876353387828,325.5769026523601,-47.53480856375444,46.5036080218208
1932,60220.09073584235,34.0,30.0,y,0.6970944907514903,0.7847864850991366,22.233047239733374,322.46128124516935,-73.01299926197905,43.480072535585606
1964,60220.98642624637,34.0,30.0,r,0.5490338342837889,0.6046640319754123,24.255361942500446,312.3488782377447,-14.089564966745723,171.48334749270873
2050,60221.0271837934,34.0,30.0,i,0.6212881437056162,0.6925646517099955,24.00671797534862,312.09968802092624,-16.980320588694305,209.2223875251471
2136,60221.06891259577,34.0,30.0,z,0.784317138131685,0.8908967617173783,23.077338461249926,318.63436635356663,-5.566956942414289,227.43220268074833
2222,60221.1115064189,34.0,30.0,g,0.7065936953308382,0.7963426950496815,24.794336700429586,311.807238910636,-62.40858000297175,346.30016209383615
2308,60221.15235976548,34.0,30.0,r,0.7414897073332957,0.8387952643957368,24.219134443477152,320.21253498962307,-28.326338500831834,289.09281653260194
2394,60221.19256866479,34.0,30.0,i,0.8068379987450799,0.9182944023662772,23.317859716395596,317.26099630063476,-29.492661453271914,286.5134777800868
2480,60221.2325858964,34.0,30.0,z,0.6361663275558828,0.7106646320631177,23.202641993054765,346.6665143521239,-30.19319710507597,291.40187933244255
2566,60221.272640922674,34.0,30.0,y,0.8824775948947204,1.0103133757843314,21.640403715926553,323.17662129171424,-42.67501795452382,285.8076358434303
2652,60221.312060207725,34.0,30.0,y,0.6959746045287873,0.7834240931007145,22.242761582099497,9.349567584385877,-28.142203151308376,287.25877790518075
2738,60221.3504759121,34.0,30.0,y,0.6965230574752915,0.7840913107971916,22.219751908612217,18.5298998992023,-50.226532887107744,310.86627968208325
2830,60221.98688801426,34.0,30.0,i,0.674077903049696,0.75678577013345,23.446841387963953,310.83079081863116,-22.87092964990085,59.294079123029604
2915,60222.027867993216,34.0,30.0,z,0.796217933960794,0.9053746155240803,23.06101717413737,336.9602008975047,-18.054857367021498,58.556411320079626
3000,60222.0685417895,34.0,30.0,y,1.1179428830968063,1.2967674976846792,21.594906319054555,300.78258112078515,13.665766302174962,145.00331633000152
3085,60222.1088897674,34.0,30.0,g,0.686991342820089,0.7724955508760207,24.88475541054063,9.955228754307093,-43.75362171572722,7.13670828460934
3170,60222.14909695607,34.0,30.0,z,0.7934162437326501,0.9019662332513991,22.90972747619699,53.537757447354835,-27.854120272164035,46.42912489014887
3255,60222.19033632642,34.0,30.0,y,0.8430324403023945,0.9623265697109422,22.095499034611727,36.0743984996737,-4.5046428792161,79.78343302167936
3340,60222.231216391425,34.0,30.0,z,0.6836208492669095,0.7683951937553644,23.16465200876223,36.0743984996737,-4.5046428792161,100.19811153115175
3425,60222.27163744414,34.0,30.0,i,1.0582277157860707,1.2241213087421785,22.978129944318646,332.5861434184436,-51.1234216843954,200.39902073618987
3510,60222.31089492702,34.0,30.0,z,0.9209445293682053,1.0571101330513446,22.66809265702527,354.9234090231008,-39.29794259895305,196.26363824926878
3595,60222.35022100789,34.0,30.0,y,1.033768620464146,1.194365718326212,21.431495734306672,355.79081477869505,-29.062139801014396,183.95076164804624
3686,60222.98735596334,34.0,30.0,r,0.824494086767802,0.939773828184674,23.72732827849958,317.531456688687,-6.0841299647968174,221.8013922249081
3769,60223.026301084945,34.0,30.0,i,0.7985538754129763,0.9082163934464432,23.662752474885934,306.0434719613216,4.111547032286048,266.7753101502939
3852,60223.06650976094,34.0,30.0,g,0.9022750064450146,1.0343978180596285,24.49672458296282,315.88180029508976,-13.746835380691405,287.5043951935963
3935,60223.10607685581,34.0,30.0,r,0.7148304553936758,0.8063630844205302,24.305499717784706,327.7179295230109,-21.20438032474492,307.92492582050494
4018,60223.14514131091,34.0,30.0,i,0.6919045907854016,0.7784727381817538,23.859518301857776,324.85767286298795,-30.89597755070524,339.395796104544
4101,60223.1841285316,34.0,30.0,z,0.7969909093293466,0.9063149748532197,22.899242085046488,311.4316228686977,-38.65933313499589,337.41530975360877
4184,60223.22337649794,34.0,30.0,y,0.8174680105994823,0.9312262902670101,22.107220628364942,343.2196271074705,-23.806824768887967,326.87335538742684
4267,60223.264519419696,34.0,30.0,r,1.0422264578679235,1.2046550582334836,23.520678752995174,341.99050499480853,-74.52773807034623,9.743921014560376
4350,60223.303920517574,34.0,30.0,i,0.8149883078607626,0.9282096202685677,23.48521756274893,2.5155117433893985,-41.03184670881813,344.24090449943816
4433,60223.34263002306,34.0,30.0,z,0.8281405101940867,0.9442098664161639,22.755637641536296,356.3544802634177,-61.403668692635435,346.54351265578794
30367,60267.01366708759,34.0,30.0,i,0.709261613918989,0.7995883381009599,23.36667607404873,7.241545650066126,-37.44083125435125,8.182343355211193
30438,60267.05017329474,34.0,30.0,r,0.9107380283820512,1.044693465184977,23.82690016364982,3.0858070808506635,5.257865660894336,125.37267709398192
30509,60267.0847674669,34.0,30.0,g,1.232628955524742,1.43628826706173,23.8747746044541,6.957821385015797,-2.023795285951071,140.9862109503992
30580,60267.11794078954,34.0,30.0,r,1.0832587794057031,1.2545727243378384,23.590664651036835,16.34679900982246,13.366836960049836,138.47045205851236
30651,60267.15141880279,34.0,30.0,i,1.1101771965259077,1.2873201904208125,23.062155276411996,36.51023265226456,22.84509183945206,127.90900573202903
30722,60267.18411299533,31.0,30.0,u,1.0619580781393767,1.2286594624566627,23.646251591176057,41.9803517209391,-44.68046712834522,266.4332197248289
30793,60267.21838998177,34.0,30.0,r,1.2944513250880783,1.5114979623942557,23.3934250092117,66.72979039077501,23.566741257660233,121.40528811220216
30864,60267.25145398079,34.0,30.0,i,1.2469824173590571,1.4537498994635731,22.979039339927493,77.81849939560176,21.450372789627835,122.31059697408926
30935,60267.286613554694,34.0,30.0,r,1.0591851715467286,1.225286096772176,23.892089802461683,114.21834192287801,-52.67521725864484,349.4634065542084
31006,60267.322086997316,34.0,30.0,i,1.3956536587034563,1.6346151565735478,22.98411558574704,113.7001651813539,8.151354907918849,108.18247370016503
31078,60268.01480507945,34.0,30.0,i,0.9965616390434202,1.1491017506610952,22.930075205716665,13.926973401789512,-30.400577564418228,46.9073907534821
31150,60268.04936560452,34.0,30.0,z,0.6714294351475837,0.7535637897172551,23.17246096386711,48.193812584213966,-23.560815854754733,61.52192446602191
31222,60268.08389037248,34.0,30.0,i,0.7291501173220286,0.8237835977153632,23.75167508410761,43.37206330513096,-36.33831967861158,33.024429376045546
31294,60268.11847380455,34.0,30.0,z,0.7202577124256415,0.812965586892508,23.19480007009538,50.44882929049456,-38.62521561122879,20.575552915923783
31366,60268.15326580487,34.0,30.0,y,0.5681368243800211,0.6279036792944296,22.66255032081149,54.11539840357643,-39.6762410924905,358.45070289991355
31438,60268.18866194859,34.0,30.0,r,0.59339353931598,0.6586296098734551,24.379085351847554,55.50768089142739,-2.561948672530182,133.07020434625431
31510,60268.22304446596,34.0,30.0,i,0.59927623237878,0.6657861707771047,23.95511344751252,78.40030993046535,4.441829018187426,117.33602775051796
31582,60268.25691122506,34.0,30.0,z,0.6275008822085781,0.7001227277476619,23.31939382689007,66.0669963243432,-2.9871847510777236,157.434572052921
31654,60268.29065235956,34.0,30.0,y,0.7342485431275579,0.8299860621989755,22.12954043060858,79.02665528434846,14.64418140060703,148.49369839524888
31726,60268.32331301363,34.0,30.0,y,0.614833303176815,0.6847120476603589,22.368788114224024,120.69536029496881,10.826581284376466,111.88929502474262
31805,60269.01550192853,34.0,30.0,i,0.6203817937506152,0.6914620361929625,23.2551765060883,5.23047209458223,2.625258129615241,83.84016446026713
31876,60269.049439831695,34.0,30.0,z,0.6652779738907155,0.7460802602076831,23.147951738109377,48.562446466430515,-23.210143093707792,31.13830057872105
31947,60269.08575190515,34.0,30.0,i,0.6697403249562797,0.7515089111390264,23.489866788660297,10.431843762816802,8.288067757289252,114.09850036069378
32018,60269.11889653275,34.0,30.0,z,0.6594736903605647,0.739019088029884,22.963368164887697,37.45261096959026,24.48820460169357,95.31125511442266
32089,60269.152094278215,34.0,30.0,i,1.02938076497151,1.1890276946125429,23.044508029682408,45.38235118098154,18.816266620349563,99.45710251322231
32160,60269.18380019742,34.0,30.0,i,0.9933367620757145,1.1451785426711856,22.963535208734115,74.42398522857283,28.049118971272353,82.33309155800468
32231,60269.21692079794,34.0,30.0,z,0.6482149362844907,0.7253223069154388,23.249740082743592,59.99651528787345,-3.209075293635778,114.70753435743505
32302,60269.25070828834,34.0,30.0,y,0.7016481427667809,0.7903262077454756,22.288865504840167,48.078253089603606,-7.100086823256822,148.93495986242877
32373,60269.28615333203,34.0,30.0,z,0.5948879876225321,0.6604476735067301,23.409179744642575,69.53049016306908,-55.24144033092646,238.91968897504844
32444,60269.32014160035,34.0,30.0,y,0.9582107361049144,1.1024461509792145,21.984290145515025,118.95593476133155,-59.22247269834349,306.1978842984747
32523,60270.01606968459,34.0,30.0,z,0.9242254427822854,1.0611015119005904,22.363580878516128,17.39846786271544,-63.67620619636087,79.42352046298934
32592,60270.049653890834,34.0,30.0,i,0.9393573238068355,1.0795101262856879,23.16681314087246,24.245482946873178,-48.81750502085262,85.70329203764382
32661,60270.08276189286,34.0,30.0,z,0.9169004989929476,1.0521903880692793,22.74476652258165,24.47256135583087,-64.11885828458364,53.08570766298937
32730,60270.11621547393,34.0,30.0,y,0.8132368195928835,0.926078855952413,22.112263588006016,3.9571111762977482,-49.55010998169986,348.01257357337425
32799,60270.14890785483,34.0,30.0,y,0.867071249304496,0.9915708629008467,21.844399870136538,51.59673657281227,-81.22012177316131,54.67758826809932
32868,60270.183031414046,34.0,30.0,i,0.7742448134762638,0.8786433253969146,23.494583421497172,66.51304692114122,-11.24499604613926,200.2863997428574
32937,60270.21681165623,34.0,30.0,z,0.8557948061942465,0.9778525622801053,22.919149949139417,93.98493916447698,-21.23098335847455,162.47524755663233
33006,60270.25012345591,34.0,30.0,y,0.7810218885037845,0.8868879422187159,22.237659876844916,107.41453095810574,-30.336170334870875,142.63629325167506
33075,60270.284174695924,34.0,30.0,r,0.8008457247692544,0.9110045313494579,24.261926860784722,97.42124702901508,-44.037479709790695,63.2309481909248
33144,60270.32066305019,34.0,30.0,z,0.9351155541074719,1.0743498225151726,22.854324503769913,113.2907887110567,-63.301912542730484,57.8495838595722
33218,60271.016511597394,34.0,30.0,z,0.7286576788888732,0.8231845241957095,22.614163803179267,14.007075591893853,-40.72955218461053,85.59387708284704
33289,60271.05035703659,34.0,30.0,i,0.863741518716687,0.987520095762393,23.146993739022857,4.464544338028416,-72.54188419647265,20.412669944513855
33360,60271.08500162186,34.0,30.0,z,0.7930246857441495,0.9014898853335153,22.876879567539163,24.501815268501385,-43.75658297154408,37.2934450053169
33431,60271.11968238457,34.0,30.0,y,0.6694323975784642,0.7511343036234357,22.365363705895255,39.87704899213052,-53.99489215622677,38.56688299981401
33502,60271.152859597074,34.0,30.0,y,0.736589956450807,0.832834496898792,22.286951138589387,54.09863196962136,-45.317319682442665,51.629716990895595
33573,60271.18697516418,34.0,30.0,y,0.7779421515648093,0.883141303606824,22.201997477259212,84.36153301020624,-19.87998318016717,145.39099847412166
33644,60271.22106649888,34.0,30.0,y,0.7215329073951688,0.8145169189722249,22.28848100558904,80.14155362537716,-8.2610728397425,185.8102911218745
33715,60271.25370172234,34.0,30.0,y,0.9065523116497066,1.0396013523719059,21.928910140966668,103.62745890720095,4.1664728734194885,177.36895806443206
33786,60271.28639697285,34.0,30.0,y,0.8553538270182246,0.977316091263047,22.114462236654862,115.97495585501517,-12.675658809520764,161.06300350921273
33857,60271.32244826496,34.0,30.0,z,0.844349222981039,0.963928495110753,22.85845420168181,120.33777565532854,13.510798770684975,190.57516109948529
33928,60272.017578050974,34.0,30.0,z,0.5886591674886563,0.6528700334411878,22.76401648674909,349.5324790262541,-17.521110923275117,241.4997705914852
33999,60272.05127696921,34.0,30.0,y,0.6215778724396094,0.6929171197562158,22.37249121546904,337.2113632200602,-27.925911643658274,290.135387342605
34070,60272.083776845015,34.0,30.0,y,0.599799931226329,0.6664232739979672,22.287277441457856,347.653113436965,-12.083788897040312,267.7680735616361
34141,60272.11659512458,34.0,30.0,y,0.7587428252631947,0.8597844589576578,22.10465595680639,2.963981981523307,-28.406235990170334,291.2880388625177
34212,60272.14901677845,34.0,30.0,y,1.1005798520264551,1.2756445888399697,21.434149342046823,329.81990014399173,-64.26984869040005,300.838638264051
34283,60272.18215807089,34.0,30.0,y,0.815382594113692,0.9286892872429342,22.10352865710901,36.27238325433741,-40.678474485251506,327.10893759220244
34354,60272.2152674798,34.0,30.0,y,0.7566754973618185,0.8572694615107281,22.11225423513057,28.399614067802663,-46.2346184442023,314.7974469508563
34425,60272.24765288166,34.0,30.0,y,0.7951748758053251,0.9041056883276462,22.031818811995528,50.677612171606995,-15.464221200842376,269.708471636629
34496,60272.28165662946,34.0,30.0,i,0.7078775586487137,0.7979045725653452,23.569709874099495,97.73650179413335,-41.344770889014995,50.95724467462687
34567,60272.319265960774,34.0,30.0,y,0.612759209089111,0.6821888188432007,22.55756395830958,88.93831982865288,-45.2054886818233,342.9186254239626
57537,60310.03447923592,34.0,30.0,z,0.5783690122312509,0.6403515963883831,22.756594692187107,30.138506272905744,10.412300269047496,186.22216664236754
57606,60310.06698564264,34.0,30.0,i,0.6260118540317978,0.6983112579462261,23.910740390543467,72.87815624430822,4.627181769119828,144.67411635208154
57675,60310.09938085272,34.0,30.0,z,0.7315277193786558,0.8266760576382673,23.16978392594603,55.75967899642666,-5.399358431875269,190.08127557177082
57744,60310.134163202456,34.0,30.0,r,0.7855259573778051,0.8923673447418553,24.034250194642777,105.247803186552,-20.76881905608383,107.95072047917743
57813,60310.167419275705,34.0,30.0,r,0.6645148478262688,0.745151883000327,24.029449922705616,76.41327485931208,-44.21874933269903,309.7378027021955
57882,60310.20106528001,34.0,30.0,i,0.6891180457413679,0.7750827807072602,23.62201916806203,82.70761905994696,-23.23580147827996,235.0403173736338
57951,60310.23402319728,34.0,30.0,z,0.6272563603769504,0.6998252559330297,23.191180061770275,73.21786486356561,-53.194081028909935,283.0146834840921
58020,60310.266774666336,34.0,30.0,y,0.6321250755060749,0.7057482670390205,22.33921487751545,78.68268231779889,-27.471218012119724,245.8933656839025
58089,60310.298730621595,34.0,30.0,y,0.5794490115121409,0.641665464126692,22.537424907668814,124.33222107243172,-56.493181643510816,326.9643735335679
58158,60310.33127474344,34.0,30.0,y,0.5773240920253551,0.6390804039237896,22.480438541934248,136.63958834437952,-9.916384182136584,199.12052823697434
58229,60311.03573215987,34.0,30.0,r,0.8250485986591142,0.9404484168602363,23.750077172921394,77.26800899691,-32.44275403209394,76.05615867505459
58296,60311.067457477526,34.0,30.0,i,0.751221016224921,0.8506338396896849,23.837968821825243,74.24264847830335,-34.4032343540549,62.21315417816806
58363,60311.100489117445,34.0,30.0,z,0.6566017111191342,0.735525196008679,23.315967186323352,85.73241636539535,-17.482178816967586,110.73896467154945
58430,60311.13420991952,34.0,30.0,r,0.6464081594641262,0.7231242815865282,24.453817636526843,105.75947476862851,-21.95551780686609,95.56523362705467
58497,60311.16494822012,34.0,30.0,r,1.02123814345687,1.1791218290229564,23.42345428369546,121.43306779456412,4.763381680470432,122.23311427450352
58564,60311.19643185317,34.0,30.0,i,0.8353632673039384,0.9529966755522364,23.319275360405616,110.39799263747794,6.26079731606406,147.97614460742852
58631,60311.22779301505,34.0,30.0,z,0.8237408647959669,0.9388574997517845,22.577889751632956,118.69711691847141,28.161465194215783,154.79809764066687
58698,60311.25784509837,34.0,30.0,z,0.8514791326045722,0.9726023511004528,22.803896129955568,118.30814676293025,4.439271094011595,168.70946188178223
58765,60311.29132998564,34.0,30.0,i,0.9000210248064315,1.0316557479396977,23.309899119858613,110.75250337025912,-59.898342163727705,300.59766205814634
58832,60311.32395129119,34.0,30.0,z,0.8544413060149308,0.9762059683879937,22.704576351891035,167.50764758690576,-80.71257979187607,3.4972767054935954
58905,60312.03459882793,34.0,30.0,z,1.170102628396918,1.3602221756653505,22.072788174789984,48.42806355761967,-17.97829448434157,129.62938530045594
58974,60312.06897113187,34.0,30.0,i,0.9940069409495412,1.1459938454373981,23.508622460947116,59.16721041584205,-49.377076016689784,337.85073151200527
59043,60312.100840221654,34.0,30.0,r,0.7793866309749703,0.884898577828431,24.28627677034784,63.45774931136001,-47.43504996792275,317.76323526619996
59112,60312.132730038196,34.0,30.0,z,0.808822009149846,0.9207080403282799,23.067598397579673,59.16721041584205,-49.377076016689784,284.31684657360455
59181,60312.16420574709,34.0,30.0,g,0.8251083065910294,0.9405210542469944,24.657023752020493,78.58286387088413,-9.359239005874532,174.87261222010213
59250,60312.19721626898,34.0,30.0,r,0.8484664950329325,0.9689373418892122,23.812656179933924,97.84723043692271,6.965023468862958,154.9216913990256
59319,60312.22956545727,34.0,30.0,i,0.9498669921837987,1.0922956109291955,23.257068928604916,102.8410134073032,6.189043093643498,164.3085848107912
59388,60312.2628499012,34.0,30.0,z,0.8789844249613257,1.0060637773252137,22.90878138210656,106.01814030784709,-16.097655299878998,197.28275711720863
59457,60312.29444251629,34.0,30.0,z,1.0030077522142873,1.1569437374869675,22.748077730391255,125.45678027919557,-14.899744573305751,182.30117564560723
59526,60312.328249425285,34.0,30.0,i,0.8052229638968711,0.9163296397772154,23.29750462936921,153.919186567116,-4.112170202207839,140.31698405598397
59601,60313.03590299144,34.0,30.0,i,1.4988348623049277,1.7601397351641457,22.538681550595335,43.94072418255817,-16.663454136488124,203.52167059105003
59670,60313.071694005135,34.0,30.0,g,1.6709627092659656,1.969541008839374,23.502736893610138,89.83749962267008,20.841935255853546,169.11856634757308
59739,60313.10387820743,34.0,30.0,r,1.171033509864935,1.3613546348721837,23.595189331933053,84.38379049378547,14.108195961508727,183.44528215822058
59808,60313.13808249588,34.0,30.0,i,0.8141457124251522,0.9271845649941025,23.70114816635312,49.88791406076096,-42.777723500653224,306.16334580120116
59877,60313.1707934763,34.0,30.0,g,1.9659673431434235,2.3284274247486905,23.37238340857596,105.3348011809846,24.176706245200155,188.94937045781325
59946,60313.20337806884,34.0,30.0,r,1.460214613071373,1.7131564635904781,23.178680451265517,128.95665877328307,14.70739540041207,174.5492805308147
60015,60313.235562517555,34.0,30.0,i,0.9973085093693408,1.1500103520308282,23.25647658565108,128.6429689117462,6.242538255145766,184.9527890729215
60084,60313.26784552815,34.0,30.0,z,1.0175137286683766,1.1745909107887795,22.568686654119855,109.57686597016016,14.58029940651347,223.40433870196205
60153,60313.298798084834,34.0,30.0,z,0.8482167768889548,0.968633548526709,22.834502968334963,143.87164255154326,10.67607715622127,196.01820864895421
60222,60313.33120375722,34.0,30.0,y,0.7043145901421487,0.7935700610001809,22.255617204276675,155.70331733003619,5.863206044624146,195.29087290809514
60296,60314.03595416715,34.0,30.0,r,0.8344389857135798,0.9518722453936493,23.794841942911816,35.61004499258495,-20.698336422274263,199.4026778352952
60364,60314.06928350807,34.0,30.0,i,0.8547305870060444,0.9765578917348472,23.646112166012983,37.25444473245685,-17.92841136770977,211.24182825075
60432,60314.102230385484,34.0,30.0,z,0.706027782838189,0.795654237029427,23.196244546355484,35.538989938420244,-31.85566256638146,241.74566457713848
60500,60314.13471580015,34.0,30.0,y,0.6829408020120874,0.7675678856594738,22.35697379391697,44.77455598643701,-25.845609338564334,231.53078121020047
60568,60314.16675179923,34.0,30.0,g,0.8406210744827882,0.9593930346505939,24.561164391041505,117.22298700398039,-2.4696863101364763,121.3814468056257
60636,60314.198629134604,34.0,30.0,r,1.0165874599476177,1.1734640631966153,23.850992327149847,135.8622381628887,-7.045323234178872,110.61229403713396
60704,60314.2310047904,34.0,30.0,i,0.7041176657184565,0.7933304935747646,23.846744679203763,132.22204901966765,-16.721760703265986,114.32970472870181
60772,60314.26433731228,34.0,30.0,z,0.8284894025728459,0.9446343096993259,23.04975050610851,140.51126173456967,-24.51431400170629,99.21966944435069
60840,60314.29616068349,34.0,30.0,z,0.7571213199968267,0.8578118248136578,23.08554528979206,171.15760501062775,-36.23449968640913,63.795788551120246
60908,60314.331536887665,34.0,30.0,i,0.736976028181268,0.8333041705368223,23.665850774430893,164.1269999522441,-4.187815318448921,137.16802902690142
60977,60315.03598245235,34.0,30.0,r,0.8310649531431276,0.947767582899182,23.74622814569136,50.50733113376743,-58.664576103057776,300.9761701662868
61046,60315.06974639569,31.0,30.0,u,0.907349848428613,1.0405715917623028,23.56552957925159,118.37965546800773,-60.4011864422294,13.356102168212656
61115,60315.10205191394,34.0,30.0,g,1.2486864378053877,1.4558229170381847,23.922409427095296,137.07657923012306,-85.39981785759277,2.5141939469494066
61184,60315.13680455196,34.0,30.0,r,0.6553580820653707,0.734012265286339,24.401430124795045,47.72205573351671,-21.53340122015817,181.35797242821482
61253,60315.167923797926,31.0,30.0,u,0.8874481306082345,1.0163602562143972,23.85167541092827,104.47247054691822,-11.943062130720024,89.67463744330989
61322,60315.20050343268,34.0,30.0,g,0.8995144792793044,1.0310395125052365,24.53919889211329,106.35086514415799,-6.116604931346212,114.74189913805161
61391,60315.233005509996,34.0,30.0,r,1.0116569277286882,1.1674658488183556,23.85714623921087,126.9832301764937,0.2139597316496771,99.78039876893996
61460,60315.265702848556,34.0,30.0,i,0.8171313539110648,0.9308167322519036,23.599989575322986,146.01576031996856,1.2636303239579163,89.77835529532297
61529,60315.29691523822,31.0,30.0,u,0.8841657758455151,1.0123671238996534,23.62473147374452,132.2460414974318,6.729475533954598,127.04956245686287
61598,60315.33055519928,34.0,30.0,r,0.7614606585106644,0.8630908254387645,24.2104931274164,124.04324375125958,-28.55839197177377,192.9779879924163
85801,60350.0225586676,34.0,30.0,i,0.8791063103631378,1.006212056402844,23.166429088440587,63.95116231785431,-6.787103991866352,218.48653470022379
85878,60350.06060001052,34.0,30.0,i,0.8715685524416086,0.997042034600497,23.585308360543205,52.7098266728458,-28.303516890308117,269.37540553909594
85955,60350.09638706922,31.0,30.0,u,0.9992461008343193,1.1523675192631622,23.556370412197342,127.90222351424546,2.1791488127282768,159.28310774996427
86032,60350.13156258871,34.0,30.0,r,0.818003631404615,0.9318778970859063,24.148607820596673,94.89618102986896,-6.429226031437188,230.4992035662785
86109,60350.16747745278,34.0,30.0,i,0.8469466273760284,0.9670883544720541,23.50911154884615,115.70255280845797,11.820040834567799,209.91471525544765
86186,60350.20449318431,34.0,30.0,g,0.8520811300474381,0.9733347080869077,24.650123792367324,151.56701554602847,-57.803635208532754,29.447791759116363
86263,60350.24207607388,34.0,30.0,r,0.7598259542462347,0.8611021341195069,24.281283409314266,178.62144011597297,-43.935174200482436,72.8541848248188
86340,60350.27770244038,34.0,30.0,r,0.6657268852652232,0.7466263811012447,24.438142775441808,178.17803013409127,-52.37561680992718,33.392077563613476
86417,60350.31510540747,31.0,30.0,u,1.162308145470275,1.3507398363385341,23.457013326134533,163.53891040815495,-3.7991224013033134,225.0862285913695
86494,60350.35097112123,34.0,30.0,r,0.8943853054447353,1.0247996416602618,24.06088640349875,179.72604179883183,-19.009814491436234,241.79962918643807
86573,60351.02305845638,34.0,30.0,y,0.6633718443078173,0.7437613677710672,21.99974554232824,84.91132660340696,-17.789414020379848,128.37116236355916
86651,60351.05910991168,34.0,30.0,y,0.7323874559404872,0.8277219658643395,22.218386131385014,57.21275090431524,-7.264476547628205,205.185112346786
86729,60351.09536883136,31.0,30.0,u,0.84467938403061,0.96433015088882,23.859394709811312,137.67125276241174,-26.71677450873394,80.30440771741928
86807,60351.13158146063,34.0,30.0,r,0.8720469158625594,0.9976239852342572,24.141080981040748,135.51964334366545,-43.247753119930444,29.68612603241523
86885,60351.16884243466,34.0,30.0,i,0.7269261581206872,0.8210780512417118,23.858019252201117,154.09373209740957,-38.80699899356241,48.52157825014825
86963,60351.20701259666,34.0,30.0,r,0.8016516558034494,0.9119849827292572,23.961512510493762,124.61293327038044,18.292506975551444,177.36429769408622
87041,60351.24200102355,34.0,30.0,r,0.8038137288724928,0.9146152419373391,24.038219285951286,155.85192124330894,12.110458458143242,157.16779250618688
87119,60351.278814157085,31.0,30.0,u,0.7082980182291776,0.7984160805707756,24.08185473356234,157.83510621394578,-8.68461571090169,182.4444940029169
87197,60351.31501575437,34.0,30.0,g,0.7184150817982453,0.8107239437934858,24.805722553847612,166.19462030833625,-15.84363403557869,200.24417819015682
87275,60351.35294552732,34.0,30.0,r,0.7374666783526059,0.8339010685554816,24.179013921310677,197.74910927345596,12.262678008372395,154.8019369221411
87356,60352.02183879886,34.0,30.0,i,0.6586421149311913,0.7380074390890405,23.374321166911592,49.55748655971498,-35.14486957078994,287.92196325905945
87433,60352.0587808798,34.0,30.0,r,0.6599556036223121,0.7396053572047592,24.434235930051575,71.89585398301288,-56.27845364687685,337.6255098684195
87510,60352.09636908051,31.0,30.0,u,0.7590082860682129,0.8601074039759281,23.903338139681534,77.8001723691759,-2.7191715115043107,235.31105800276208
87587,60352.13215049394,34.0,30.0,r,0.590056908619909,0.6545704484427116,24.558459545128578,89.8163938817569,-18.68347018950311,255.06166308481954
87664,60352.16820982489,34.0,30.0,i,0.8875317663640748,1.0164620028760034,23.513237016457825,84.01901081092473,-24.979566881149992,266.29168068123937
87741,60352.20468914599,34.0,30.0,r,0.8255818800997177,0.9410971777368828,24.129887706279515,117.02833652655282,-65.02963032158122,334.7689173980049
87818,60352.24105010717,34.0,30.0,r,0.61032398358072,0.6792262573974696,24.534131151168896,180.5971794158516,-45.127167895861504,72.57128688870627
87895,60352.2791035308,31.0,30.0,u,0.6040559415966246,0.6716009021856746,24.32276546766493,156.46420841195908,-44.22184324518588,329.08057031012794
87972,60352.315864214055,34.0,30.0,g,0.7002268257443421,0.7885971116111218,24.865323732688026,153.2177983079111,-39.16210756576047,293.8590589989072
88049,60352.35327335629,34.0,30.0,r,0.7898862108527146,0.8976717893585335,24.12054621070286,174.29183655267184,-3.170294888078026,231.9813309452932
88129,60353.021700925674,34.0,30.0,r,0.8581092683851925,0.9806682097143461,23.747890153287436,67.52629416011725,-16.615041095082802,139.11504992542882
88205,60353.05757659651,31.0,30.0,u,1.0433431108341984,1.206013516829925,23.570677688099153,129.9115284115063,-20.902216897212067,36.92988529768406
88281,60353.093763465455,34.0,30.0,r,1.1493464466161114,1.3349713462483108,23.797167599011203,110.82259536119247,-59.47070820012271,292.831853063302
88357,60353.13023369539,34.0,30.0,i,1.3534680632346148,1.5832944808206992,23.097587497617212,82.86230363539097,-48.53325054995818,214.27403249866617
88433,60353.165658106765,34.0,30.0,y,1.8046100121516098,2.13212896855427,21.038693527423774,103.94074070977017,14.368089957524687,134.22916062493195
88509,60353.203076225895,34.0,30.0,r,1.048862645188411,1.2127282788180185,23.798317644629215,132.8670896183781,2.7140838678260586,122.23691093951967
88585,60353.238004975225,34.0,30.0,r,0.8255010873788402,0.94099888975528,24.143034602983068,146.1220134257365,-10.866733251561234,130.96900693737598
88661,60353.274550569084,34.0,30.0,i,1.276383363698021,1.4895174740851838,23.13466421850523,203.61293392672496,-25.412042258616935,30.681605047950995
88737,60353.312509518226,34.0,30.0,r,1.1590234254220617,1.3467438265475202,23.736771613140593,213.14990354689812,-34.461484046078446,11.708150559012507
88813,60353.35170156618,34.0,30.0,i,0.9922789026879717,1.1438916091094546,23.431803571837648,200.52366353511198,-5.071062479588414,100.00180411883267
88896,60354.02100423213,34.0,30.0,r,1.3135353759480972,1.5347145692799238,23.163692470412403,57.00833213419863,-62.370377985295654,38.17264215394616
88934,60354.04011561198,34.0,30.0,i,1.2059312075005064,1.4038092548667962,23.066425698348567,50.21028994326355,-75.98247418411144,29.830832001086087
88972,60354.05802857659,31.0,30.0,u,0.7794398518849737,0.8849633234610386,23.85820962029434,93.64635111378882,6.884745180971272,253.44583276906246
89010,60354.07573688455,34.0,30.0,r,1.125967757857232,1.3065301190477276,23.62227606397242,83.80104734523732,12.833100570509906,273.1111069618242
89048,60354.09332460897,34.0,30.0,r,0.745573039268844,0.843762821494944,24.330659942771362,85.79342633692981,-35.257263249166115,353.7073225122091
89086,60354.11063314787,34.0,30.0,r,0.7763893306908167,0.881252227117782,24.190351323647967,73.77042868335984,-19.003859374736724,317.9978085611175
89124,60354.12930471625,34.0,30.0,i,0.8774125198896817,1.0041514840507078,23.55024365718869,73.32816432998823,-36.118406598895284,338.430457357272
89162,60354.14718752648,31.0,30.0,u,0.9386211523193826,1.0786145405345287,23.604701284646723,172.89412800638763,-22.16897141700528,184.496802659403
89200,60354.16549285497,34.0,30.0,r,0.7446018181286714,0.8425812872611574,24.27958632386781,155.1871854910488,-20.211598546004254,193.99571818969744
89238,60354.18280354621,34.0,30.0,r,0.779450291265635,0.8849760234375122,24.201536984430053,156.85978571801746,-12.016883237688086,213.50302153392965
89285,60355.019022985965,34.0,30.0,i,0.9836764130645541,1.133426293265881,23.065516100523237,84.62371512154938,-14.885190135631934,163.78899059873254
89362,60355.055475585534,34.0,30.0,r,0.8842353199510604,1.01245172743438,23.920297210499818,112.93076299994905,3.165075484844924,149.8018911748168
89439,60355.09344079239,34.0,30.0,g,0.7800081925007065,0.8856547354023193,24.67723675797728,79.06900166832718,-32.38003339579801,264.6032733660045
89516,60355.12974554623,34.0,30.0,r,0.8063225940752944,0.9176673893860029,24.213899686170542,93.43488521812202,-26.119022521383627,251.05501273555774
89593,60355.16610374538,34.0,30.0,i,0.8135889913915685,0.9265072887975285,23.663770281682698,91.46834515950498,-40.57913086951675,270.4747318777839
89670,60355.20359661977,34.0,30.0,r,0.9477454323651958,1.0897146379138636,23.96631753372862,103.03724237231822,-32.04500448844439,257.8966578265563
89747,60355.239350647935,34.0,30.0,r,0.7091471607116686,0.7994491006224679,24.30453774661053,167.22538118915807,-67.74364219868835,7.204580361319971
89824,60355.27858760295,34.0,30.0,g,0.7026459007239727,0.7915400252116457,24.84247840281491,188.06455876598832,-22.849555830330555,121.11616768362825
89901,60355.31676996796,34.0,30.0,r,0.8584659295907227,0.9811021041249667,23.994056925648884,200.69173265180993,11.350452195182982,161.2233646746869
89978,60355.35333735822,34.0,30.0,i,0.6477127627317786,0.7247113901846455,23.89275531668374,215.08592460807066,1.2767130599169068,155.6389827606659
116701,60394.987131823334,34.0,30.0,i,1.1402621643176014,1.3239199079289556,22.583172287986166,97.24085945712898,-19.614751347826626,298.88939444755937
116790,60395.02874989518,34.0,30.0,z,0.6275872134590227,0.7002277535997843,23.03970561169057,92.47497842258365,-21.905117950720175,325.5590211776333
116879,60395.07089275568,34.0,30.0,y,0.7422221189159893,0.839686276053515,21.94926108547367,83.11295866244583,-68.28547561134178,9.282730196457265
116968,60395.114165360894,34.0,30.0,z,0.8310684666254088,0.9477718572085265,22.44097827823659,83.04660006259832,-76.68088644779132,359.38421083065316
117057,60395.15912302334,34.0,30.0,i,1.1898656944115094,1.384264835050498,22.120874743810916,142.75110849368664,12.66432521568783,290.27167882552396
117146,60395.20042984199,34.0,30.0,z,1.6792368197107028,1.9796068366310253,21.481861721060426,157.9324775415536,1.4208253448960477,296.2152421685701
117235,60395.2415057389,34.0,30.0,y,0.7852977373775067,0.892089704838816,21.556519801380393,158.3249922950475,10.164373589082764,302.2958678350275
117324,60395.283052977,34.0,30.0,i,0.7315901275251013,0.8267519799575441,22.74013943448796,239.18013324478136,-2.4054405465390483,222.17854547135784
117413,60395.32561554024,34.0,30.0,z,0.6849657713244053,0.7700313519761621,22.738798340021123,246.58582821372022,-10.36037303163502,224.4429966477929
117502,60395.37015996661,34.0,30.0,y,0.7563660848381364,0.8568930472483411,22.00233377712026,227.9569523881878,-24.90141937734176,326.664099309141
117594,60395.986282815706,34.0,30.0,i,0.7859410038252157,0.8928722674272697,23.05443838845274,127.33782835301936,-12.019642125748916,201.88959393510808
117685,60396.028895151314,34.0,30.0,z,0.7170092559926999,0.8090136934217761,22.929444458518976,118.63900230034514,-4.996300698763024,254.49554763681041
117776,60396.07156044747,34.0,30.0,y,0.8073295602440105,0.9188924090559738,22.029885279676705,117.45616730678599,-2.09566963099772,277.5786332623587
117867,60396.114735627154,34.0,30.0,i,0.8354818212606306,0.9531409017769229,22.94011359726629,114.1479769729211,-14.236018011893618,302.7471238009155
117958,60396.15736027361,34.0,30.0,z,0.6469587795245778,0.7237941356746689,22.920735443448734,142.97972597333785,-18.19312066472717,302.0003358345561
118049,60396.20161426217,34.0,30.0,i,0.5979287047114423,0.66414684271465,23.194491541379747,150.25395882913986,-30.741104058013036,323.99138062137615
118140,60396.24475720915,34.0,30.0,z,0.962229397734769,1.107335033740595,22.22610849218759,172.97157764876016,-21.49053788400619,308.2514296608906
118231,60396.287943328316,34.0,30.0,y,0.9447294211963325,1.0860455245697476,21.549134184527105,160.90883902494292,-24.70176538589353,312.82872019981704
118322,60396.33009472119,34.0,30.0,y,1.2798276269424764,1.4937075753558107,21.339512347272343,284.47863248382345,-69.95813913646603,126.11913319210642
118413,60396.3727734485,34.0,30.0,y,0.6253790956217242,0.6975414788585452,22.24926347559062,223.1581224655678,-53.28957249157274,13.652584988875484
118505,60396.98543746538,34.0,30.0,r,1.0830050364311716,1.2542640345878,23.472902039813658,119.02074305248784,3.3219360986708244,204.9019732536031
118596,60397.027830920844,34.0,30.0,i,0.6731806358971304,0.7556942042544165,23.427660218464915,115.86873936693515,7.96094923548491,232.51232408185552
118687,60397.07069339525,34.0,30.0,z,0.9603986661714199,1.1051078663885887,22.596503148721215,100.41253195669992,-22.34242677284747,288.6901259043135
118778,60397.114307594966,34.0,30.0,i,0.7409266945043615,0.8381103339469118,23.145881418330404,145.28602311671378,8.389045982413549,234.76412768031034
118869,60397.156745594526,34.0,30.0,z,0.7540350161983408,0.8540571973215825,22.717396718912042,172.04532310140107,0.014455678509772665,219.2144888960895
118960,60397.19904397455,34.0,30.0,y,0.7071435326288434,0.7970115968720723,22.10574782760287,184.66267978469926,0.008415373391475274,223.75527339042503
119051,60397.24125178089,34.0,30.0,i,1.0511974476765904,1.2155686711394045,22.41032840646212,192.48062862427489,3.1828626503541972,234.65706139429886
119142,60397.28351366739,34.0,30.0,z,0.8659081569948397,0.9901559087528463,22.325531302841824,201.7866916441567,9.440052856677175,240.0294273736527
119233,60397.327652862194,34.0,30.0,i,0.8356829789764634,0.9533856191927779,22.735655578004025,193.59234383495215,-45.178199998694,321.5792145619468
119324,60397.372008973165,34.0,30.0,y,0.8452208993572173,0.9649889286584152,21.82895501578909,261.4652292316666,14.821291330901381,205.40139644482176
119422,60397.9845960932,34.0,30.0,r,0.7262524431138121,0.820258446610477,24.083362597959574,133.78790830291842,-29.758805568739678,159.88425089311428
119512,60398.02727115234,34.0,30.0,i,0.7337881317702714,0.8294259510587243,23.59831007921871,143.33479465737767,-36.051547726608995,135.71713619314747
119602,60398.0713363713,34.0,30.0,z,0.6980320659026504,0.7859270874728107,23.102353085376176,126.41421897247649,-45.088470486222604,18.012086551371556
119692,60398.11679632474,34.0,30.0,i,0.7106805675812518,0.8013145591012795,23.420075292513367,150.19739477935084,-12.059218498454685,263.6856091360561
119782,60398.16144713605,34.0,30.0,y,0.8628179542318941,0.986396537995005,22.064434907330256,159.08878427256937,-14.378600116764213,280.7719979312414
119872,60398.202797976475,34.0,30.0,y,1.210030713651819,1.408796488627517,21.623795635350294,186.6907011930126,-16.325188839214704,251.84013509823774
119962,60398.24414127754,34.0,30.0,y,1.0588224730781226,1.2248448577592732,21.633074274202194,209.51387410576504,4.262612087960479,234.5614559360885
120052,60398.285789969734,34.0,30.0,i,1.1556402596825135,1.3426280531417438,22.47254939567224,198.27331326397746,-8.787398199221641,282.1168475663574
120142,60398.32760955837,34.0,30.0,z,1.219509472388641,1.4203278252903175,22.06959044527352,178.76584128409277,-20.153897432391226,309.3816152495373
120232,60398.37238826593,34.0,30.0,z,0.8317712810845181,0.9486268626332338,22.526803676174065,242.68143679286968,11.517552559079338,252.6160353193106
120327,60398.98375901721,34.0,30.0,r,0.7735228197638191,0.8777649875472252,23.831476125842666,123.94108870670597,-62.18644413635382,84.34208930491819
120417,60399.02839575264,34.0,30.0,r,0.9055447416069324,1.0383755980619616,23.942014520603657,150.3823595356482,1.9585805641851233,206.5372562458829
120507,60399.07199240735,34.0,30.0,r,0.8986150877730534,1.0299453622543229,23.603470769268526,140.72000567939241,2.4595580652406395,246.74228780558985
120597,60399.11424362908,34.0,30.0,i,0.8407455683236364,0.9595444870117232,23.26998070601485,143.54877725679034,3.4904856877359274,264.68148888495773
120687,60399.15614095733,34.0,30.0,z,0.8782861429353935,1.0052142858094812,22.778805522491904,171.39040888446917,-1.330842989871479,246.661250665983
120777,60399.20048796534,34.0,30.0,i,0.8277157310014411,0.9436931034080792,23.287309820382127,168.00205510771775,-22.54167672065646,306.5480058759091
120867,60399.243333739476,34.0,30.0,z,0.7021087686991511,0.7908865799259746,22.924505446586295,206.3607302189347,-8.020946046106094,239.63776766416657
120957,60399.28642881267,34.0,30.0,y,0.7283382738881684,0.8227959536352414,22.167296722951065,210.57527811987663,-0.9390918382948139,259.8678208681296
121047,60399.32777438764,34.0,30.0,y,0.6414227654467953,0.7170593253610649,22.333461782019334,200.0860179335085,-27.019989218815844,318.5230496601036
121137,60399.36964795385,34.0,30.0,i,0.734223985825479,0.8299561871356192,23.037180175438678,208.11874363847446,-30.675860276307446,322.4651180907176
121232,60399.98292655406,34.0,30.0,r,0.6148100743903178,0.684683788796007,24.182780286886324,97.03170426815805,-39.34230524087253,306.58188775501566
121322,60400.02523787332,34.0,30.0,i,0.5983447524073924,0.6646529834639809,24.06988852323797,97.03170426815805,-39.34230524087253,283.95926313529134
121412,60400.06853304345,34.0,30.0,g,1.3236372642240797,1.5470039710755228,24.086834157452227,96.474882022484,-42.14539154358135,275.45523636597625
121502,60400.1120837437,34.0,30.0,r,0.7268278016212446,0.820958396132901,23.839563580916693,189.91089443218604,-47.44803280128351,68.73607053231675
121592,60400.1558433785,34.0,30.0,i,0.6062502977047574,0.6742704351639384,23.768230830008875,174.90262846346607,-46.51149507720053,4.75742754471247
121682,60400.20062858356,34.0,30.0,z,0.7100596774578165,0.8005592183185116,23.120111791019028,166.79834972755384,-25.312900874059753,254.38413152508008
121772,60400.24286017241,34.0,30.0,i,0.7178369261989452,0.8100205914829017,23.458427661479746,201.05907895605833,0.9384087972937967,190.80478542674356
121862,60400.284977217234,34.0,30.0,z,0.8238978727855484,0.93904850703838,22.848571481317062,215.456009394762,-14.92866559625238,200.38286370998165
121952,60400.32759323182,34.0,30.0,y,0.9630821196497357,1.1083724083330118,21.921984567672148,213.57234778571328,-17.43151460007551,237.1319860000187
122042,60400.37213137442,34.0,30.0,z,0.7431608259944358,0.8408282554676835,22.94781740512593,220.47079231234832,-40.79269820280397,285.0601726395195
153306,60434.957489277534,34.0,30.0,r,1.1128777451199086,1.2906055293429544,23.444009238869885,135.03023133951982,-12.369667996133265,125.54252252275057
153404,60435.00575670013,34.0,30.0,r,0.9228798744022786,1.0594645673993657,23.9744941765035,164.90122303363867,-3.916381472376084,100.72444050991417
153502,60435.05190404966,34.0,30.0,i,1.066249747142934,1.2338804709768052,23.36877097568332,160.18117837715758,-7.9880544530794175,143.46689702361718
153600,60435.10137401163,34.0,30.0,r,1.4670630802606006,1.7214879321905117,23.49796616207303,210.4301073417393,-48.11750129388195,349.7487652904061
153698,60435.14819527507,34.0,30.0,i,1.0057897530287434,1.1603281667016345,23.479710895425555,203.65466799353334,-44.956865715049794,291.60436000992814
153796,60435.19380232694,34.0,30.0,r,1.4295113877329237,1.675804607947596,23.48409540070164,187.3722933798892,-24.022070364663506,190.67232210776768
153894,60435.23916116577,34.0,30.0,i,1.2798510941835046,1.493736124310833,23.06441692263197,188.67241082083862,-31.087392395917615,197.3929667286966
153992,60435.28501233518,34.0,30.0,r,1.6348998052710988,1.9256688628602174,23.359651450223332,263.1204395192171,-63.17520422937225,311.8988270638876
154090,60435.33328589356,34.0,30.0,g,0.9747919264947148,1.122617915443692,24.42625669330549,276.4498277935901,-13.921264217067652,109.01629163449242
154188,60435.380519787155,34.0,30.0,r,0.7649340358000258,0.8673163452555058,24.177647054928176,303.239107028967,-12.623659910450476,86.9725860322145
154289,60435.95712158114,34.0,30.0,r,0.8338288724977493,0.9511300152040746,23.69007331301731,143.87166515134697,6.124718105309519,239.76500473490952
154388,60436.00455243872,34.0,30.0,r,0.6933227898678812,0.7801980412018019,24.254279023362884,161.42034879684562,5.230254999517035,239.26278509347836
154487,60436.0518661018,34.0,30.0,i,0.6825969411106173,0.7671495633949116,23.904015644118513,142.40053427139406,-26.827183733238364,323.8938703645537
154586,60436.09898253091,34.0,30.0,r,0.9201525349753045,1.056146636222998,23.903622114315898,190.22261535656793,14.180154448744123,247.28045245713767
154685,60436.14556086944,34.0,30.0,i,0.9126659318947463,1.0470388465872826,23.485128936821344,156.54670644807302,-37.16009911563671,332.93561668109726
154784,60436.19253055381,34.0,30.0,r,0.8561311045858997,0.9782616844110702,24.057596441168737,210.38306976479333,-12.226470975368631,279.57465247111855
154883,60436.23843897552,34.0,30.0,i,0.7903404462582596,0.8982243871754982,23.690036405377125,243.79758465655036,0.5646604940715825,241.45072207568253
154982,60436.285304432175,34.0,30.0,r,0.9315595705014975,1.0700238083959823,23.960990472115125,216.63346920653393,-44.258002338590224,348.78821491617623
155081,60436.33252650434,34.0,30.0,g,1.1621920772621588,1.3505986341388794,24.187339360387746,256.0759590895787,4.951255425723247,272.84536551309384
155180,60436.37827070731,34.0,30.0,r,1.1851000222422932,1.3784671803434223,23.612120470944372,266.94303481124996,11.828050527036144,275.8220535394372
155285,60436.95651285266,34.0,30.0,r,0.8571872065650645,0.9795464800061612,23.8158588061914,139.0358553363812,-13.426251898366335,162.60737221857588
155384,60437.00597462639,34.0,30.0,r,0.9802681514893457,1.1292799896464059,23.8527490391005,117.16469421839544,-10.501440893030471,219.4126943463196
155483,60437.05160487236,34.0,30.0,i,1.2747534764910398,1.4875346429331384,22.685297270810526,132.8830547703792,27.5274472137031,200.26156896425712
155582,60437.09845758859,34.0,30.0,r,0.8535640479532951,0.9751387444687288,24.10229957795412,151.34495991984974,-31.65192231890718,245.68994351286727
155681,60437.145130182354,34.0,30.0,i,0.8014006233615965,0.9116795904642292,23.713787724267647,177.22289800232977,-32.23523916354506,250.15239934000513
155780,60437.19053721179,34.0,30.0,r,0.8723392837092796,0.9979796638799022,23.975875051238525,237.38198794026238,12.681186142184416,146.37259638406346
155879,60437.236384760814,34.0,30.0,i,0.8857087622470612,1.0142442363102935,23.498415019580847,211.35356432833703,-2.440703180217945,204.84511052114598
155978,60437.28258403199,34.0,30.0,g,1.0167218102505458,1.1736275063875254,24.356990240206922,244.13359335121086,-1.5427347113276728,184.76595124711147
156077,60437.331418328184,34.0,30.0,r,0.9555249868379863,1.099178816104606,23.958070610433232,285.6904902092429,-16.760394001121952,127.75487122814518
156176,60437.38073698278,34.0,30.0,i,1.098368904810364,1.272954872032073,23.263308890933985,292.07491360112397,10.130533709287295,163.51522394030522
156278,60437.95719388585,34.0,30.0,i,0.8567060326795397,0.9789611103157417,23.279280313146288,150.49623284970068,-49.859850111004846,355.1009966100213
156353,60437.99389756649,34.0,30.0,r,0.6994445295436931,0.7876454130701862,24.391916787803382,169.28066868016265,-38.289239857836805,31.452055625857984
156428,60438.031777848555,31.0,30.0,u,0.8466397053745526,0.9667149700420348,23.693715544837058,154.81356700069432,11.238686536824638,163.64959925919587
156503,60438.06566631846,34.0,30.0,g,0.6877715273545402,0.7734446804799758,24.7458195572157,164.60297696449408,3.389018405229348,169.73589859335408
156578,60438.2137445907,31.0,30.0,u,0.8576671146373275,0.9801303097777707,23.68080716911882,239.21057275489483,-75.7412291717431,336.03900772301114
156653,60438.24929072611,34.0,30.0,g,0.7242211711287779,0.8177873128087323,24.80654098822617,264.05442975412785,-45.22102341780238,18.60267688764234
156728,60438.2852770705,34.0,30.0,r,0.7649637526626435,0.8673524971565005,24.250699570403462,276.70130137053627,-50.93985216594201,8.256010663514285
156803,60438.32102726335,34.0,30.0,i,0.8012615920615972,0.9115104526296802,23.70208431619563,265.3471477376324,-60.3718096913488,317.73264429433107
156878,60438.35686429316,34.0,30.0,g,0.9718268855237031,1.1190108096395415,24.427217227515264,257.1914243983302,-36.60245266635434,245.92865366063816
156953,60438.39357644535,34.0,30.0,i,0.869798132509136,0.9948882390622091,23.57336620686936,262.67136322768374,-32.61650070504803,233.23301517627533
157030,60440.95534089872,34.0,30.0,r,1.0478379884878553,1.2114817378197753,23.43064708448139,177.33662747663115,-25.535554553499264,179.68347660223816
157129,60441.005070890475,34.0,30.0,r,0.9906445808717954,1.1419033830557122,23.909051708279264,116.25307734524438,-39.882226312460794,343.9870656455446
157228,60441.05153906674,34.0,30.0,i,0.997075188986958,1.149726507283404,23.411417449605203,141.99899140879532,-16.244796067125023,312.9838926948825
157327,60441.098428586,34.0,30.0,g,0.8208751841786552,0.9353712702903348,24.631062897143376,176.1448648800589,-14.197377843038414,295.6866702846815
157426,60441.14499679893,34.0,30.0,r,0.6859154156573223,0.7711866370527035,24.212597351220868,153.39874574318625,-25.369119338557592,323.5325280824745
157525,60441.19101878537,34.0,30.0,i,0.9298727138121989,1.0679716713043783,23.494827429533338,202.5451968698872,-13.816954044905918,303.2103245624488
157624,60441.23833295494,34.0,30.0,g,1.3810887472908273,1.6168962862418825,24.04890858046795,234.1964447902354,-61.85768191740608,56.0523995681544
157723,60441.28662626994,34.0,30.0,r,0.8723819953627134,0.9980316245288484,24.10897620393696,263.5137254694859,-45.12021424180256,78.08180199548013
157822,60441.33549652769,31.0,30.0,u,0.6797204621700166,0.7636501972871248,24.11564249064493,248.71853803381376,-43.06946981936572,0.21418190280454807
157921,60441.3830769708,34.0,30.0,r,0.6819986326243163,0.7664216941901657,24.39388462859087,291.1808235076018,-52.07122572741745,60.06231363693567
158023,60441.9544439164,34.0,30.0,r,0.8281272418256039,0.9441937248486666,23.705550416842907,154.6362053296811,-6.065434463270679,122.60094274030463
158123,60442.004365179164,34.0,30.0,r,0.9930239178984848,1.1447979536477917,23.943132724698764,165.26414105481706,-60.2219144489509,333.0758441672667
158223,60442.05191848623,34.0,30.0,i,1.0559645628348808,1.2213680813076409,23.334408182735103,173.28410732827854,-69.93778115022592,319.1499224379668
158323,60442.098680313415,34.0,30.0,r,0.8112099677485792,0.9236130994508264,24.070649777902503,182.01520918911746,6.0124280235244285,164.2132662200645
158423,60442.14581177625,34.0,30.0,i,0.740971289823002,0.8381645861593698,23.762142076154177,195.37014401519335,-6.773914464402195,177.56973798269766
158523,60442.19442577207,34.0,30.0,r,0.9433910015578252,1.0844172768343372,23.962683531088476,231.62421997012075,-16.599282752196014,138.7724040940336
158623,60442.2430950396,31.0,30.0,u,0.7752622279460436,0.8798810558954302,23.996896033616764,224.11370408434325,-36.018329773463265,245.84156897271745
158723,60442.28832352621,34.0,30.0,r,1.0096032866922284,1.164967502058672,23.87989881758351,238.66735166705166,-29.379266204387232,227.31066225461248
158823,60442.33559109966,34.0,30.0,i,0.8666221927428647,0.991024565380614,23.60198584667639,257.1811881035604,-24.39274064875773,214.90975240078154
158923,60442.3843194744,34.0,30.0,i,0.8342062735262157,0.9515891405428415,23.615992831013624,261.6065716180779,-34.36587618979323,233.12398119686696
184432,60512.104502349706,34.0,30.0,i,1.1485227082289076,1.3339692314220286,22.363211163020424,237.26880081280754,-25.80944713499275,308.3487067650886
184503,60512.137678529616,34.0,30.0,z,1.3500201927039563,1.5790999911240344,21.840364808554952,228.89277357404447,-4.074599715394537,289.74683303124567
184574,60512.17092415273,34.0,30.0,y,1.187394353612542,1.3812583377281533,21.274553980588124,239.60303191822803,-5.078322651922856,290.79561478789094
184645,60512.202905499,34.0,30.0,y,1.278391917912489,1.4919609706964585,21.086296742419385,270.6943296016306,8.510258915648203,271.2125034976683
184716,60512.236803917745,34.0,30.0,y,0.8982963988809392,1.0295576628721888,21.74948773654581,339.2756770741165,-46.55449940020775,114.11580629012677
184787,60512.27095310082,34.0,30.0,z,0.9157146247198739,1.0507477186373162,22.31013561151315,356.473469824829,-68.95252656047722,95.06228598792089
184858,60512.30613396104,34.0,30.0,y,1.5559255223732966,1.8295930929115531,21.214086856742014,350.36486859098903,-13.935177608824993,204.09754379978895
184929,60512.33996156153,34.0,30.0,z,1.8311653456077208,2.164434727016692,21.653916630926414,356.9134062559197,-2.1356935588727044,224.64096176581077
185000,60512.3737791364,34.0,30.0,y,1.7283928004778164,2.039407299851358,21.175378832322146,3.855967345057585,-14.686066754625763,233.52215550940437
185071,60512.40623317437,34.0,30.0,y,2.0359798950582015,2.4136008455695883,20.770196941816064,341.1702563769047,-23.06203003300976,304.23023950693806
185150,60512.95816149623,34.0,30.0,z,1.4367889738208177,1.684658119003428,21.746194715941613,215.99109295983695,-15.652189841677536,238.33051098037384
185201,60512.98332781192,34.0,30.0,i,1.5799382264069524,1.8588056282323022,22.326761046757344,211.63959851968548,-12.115885025785264,273.7318179806438
185252,60513.00811274031,34.0,30.0,z,1.7289544902617047,2.040090620756332,21.867285991653983,206.8600586659579,-13.735888941493787,295.1773058099439
185303,60513.031417161896,34.0,30.0,z,1.3703878878246765,1.603878209032453,22.140556098702405,214.27014352568162,-26.511100923255068,319.1038108180761
185354,60513.055839892106,34.0,30.0,y,1.4836332658187368,1.7416463087819183,21.330345388810343,211.98308570498068,-28.901872616661432,322.6116031869667
185405,60513.08017553003,34.0,30.0,i,1.7143946186186438,2.022377881531197,22.08859802713334,227.09786673733174,-37.04149033748534,339.83794412454057
185456,60513.104457296366,34.0,30.0,z,1.7702399275095646,2.0903162135152855,21.752575563323838,224.80256998033897,-39.59339136620504,336.2546273733335
185507,60513.127622472115,34.0,30.0,z,1.6206849656459394,1.9083758706154983,21.721711924695143,239.69464643083742,7.103913884685679,285.2083252198429
185558,60513.151788406794,34.0,30.0,y,1.508264341279932,1.7716111207785061,21.0349549972285,241.02787670416953,4.634859604038128,291.36883095786897
185609,60513.17614167296,34.0,30.0,y,1.1880209219832578,1.3820205863543282,21.485936175087513,258.83233743365093,-36.44762932602565,336.68807601782163
185660,60513.959808452535,34.0,30.0,r,1.3643926641449995,1.596584749568126,23.1042212758952,213.6660817048531,4.284742161323406,259.2424371407358
185688,60513.97374842441,34.0,30.0,i,1.2357482853899464,1.440083072250543,23.03405070969975,213.22693064844157,14.543064030915465,266.14930842842085
185716,60513.98629984159,34.0,30.0,i,1.5496910011148373,1.822008517171335,22.337132553276277,201.39270591929645,13.518286419247056,284.37146361372584
185744,60513.99885460955,34.0,30.0,i,1.3761545979329117,1.6108936714512307,22.636830584625418,222.97258858596442,2.694394409713526,267.80209257940174
185772,60514.012730060145,34.0,30.0,z,1.3957251704996754,1.6347021538925492,22.020514834315627,210.05388665346115,14.963283275026459,284.65493576099215
185800,60514.02541808346,34.0,30.0,z,1.3346763705013376,1.5604335407558851,22.25727613710422,234.0529804723011,-5.409693164523531,267.9664766082238
185828,60514.03836725049,34.0,30.0,z,1.2330348212958786,1.4367820210412148,22.23187490814103,211.0469035411335,-5.479928285130491,304.3452618378005
185856,60514.052414265076,34.0,30.0,y,0.9409092635323126,1.0813981308178986,21.915472748109707,227.74597043012207,-11.026889683129536,299.789109221506
185884,60514.06514833846,34.0,30.0,y,1.3120569285831436,1.5329159715123402,21.302663200651,215.8735571737819,6.487437443495892,299.449840219654
185912,60514.07919835974,34.0,30.0,i,0.953234758240091,1.096392649927118,22.71717673747218,274.58006447862977,-18.6695336774479,209.05316795518485
185941,60518.31836837728,34.0,30.0,r,0.8143558371952494,0.9274401912350966,23.775588932562684,333.45662107534275,-36.255323973700165,335.5547615772393
185966,60518.32970713216,34.0,30.0,r,0.9363158366937223,1.0758100203086647,23.56457705987114,315.5256902246853,-28.224983635006478,301.7539850003749
185991,60518.34236305003,34.0,30.0,i,0.842411512393365,0.9615711829602981,23.454920241838927,333.45662107534275,-36.255323973700165,324.37115148497
186016,60518.35359765142,34.0,30.0,i,1.0723413496589156,1.2412911796337172,23.082662776157044,315.5256902246853,-28.224983635006478,300.09251837228584
186041,60518.36489805088,34.0,30.0,i,0.950095770731502,1.0925739303302944,23.223752319255865,347.6968861680676,-18.237161278497986,275.5348815745515
186066,60518.37620899943,34.0,30.0,i,1.0729108264872314,1.2419839738287486,23.062170222198446,323.9302363383027,-25.706051984589568,297.3075534325696
186091,60518.3888008374,34.0,30.0,z,1.284451337323681,1.4993325271577629,22.381373092192437,336.34658322863146,-25.107796075789057,297.17510914615946
186116,60518.40004242722,34.0,30.0,z,1.409774345340008,1.651793607469596,22.138888021233893,325.3947136409432,-17.254175018542128,289.31221878182913
186141,60518.41213340309,34.0,30.0,z,0.9264508394675116,1.063808807138092,22.780506786610527,353.8973940280511,-25.755311329741968,298.0049448643639
186166,60518.42491447738,34.0,30.0,y,0.8665972761189976,0.9909942531861285,22.036370531979635,351.3790499421506,-34.408148263889366,312.10816582509364
186199,60518.961012961096,34.0,30.0,z,0.875448189082525,1.0017617872050182,22.513014964558998,249.01080428690852,-36.1888266339639,25.46803721830044
186226,60518.97454650602,34.0,30.0,i,1.008254817456735,1.163327028536174,23.377635014476436,256.62741549916706,-24.54970262354902,50.2930954925282
186253,60518.986737270156,34.0,30.0,i,0.9662598153450067,1.1122382181812733,23.457620858603825,264.6115050354736,-33.420853130222795,34.609049894435856
186280,60518.998954127965,34.0,30.0,i,1.062084991375834,1.2288138581214525,23.385347160704928,260.4336807153648,-41.01071358228027,11.95808858269313
186307,60519.013036604425,34.0,30.0,z,0.932401942607371,1.07104859197977,22.881855136369083,267.66006174059015,-25.847249084107766,48.159912904527886
186334,60519.0267387571,34.0,30.0,g,0.8881445964245447,1.017207538229373,24.565256427382156,257.597266577309,-39.136907422013,355.7468686151085
186361,60519.03925446896,34.0,30.0,g,0.9567213214159176,1.1006342109682696,24.455719288330183,267.13355302986605,-64.61378843029375,327.8258156277728
186388,60519.053232451835,34.0,30.0,r,0.9865537897208523,1.1369267514852217,23.95394886375736,270.5499009945661,-39.87021755928942,359.9738120577347
186415,60519.06584517125,34.0,30.0,r,1.0833717150386606,1.2547101156188085,23.846806797551455,264.0215475527316,-56.791556927832815,310.89933702210374
186442,60519.07869762941,34.0,30.0,r,0.910134478075715,1.043959219070213,24.041667852753555,281.64386347011754,-49.77561860353793,342.7352216517756
186474,60523.11081833735,31.0,30.0,u,1.5054814978447437,1.7682256664777904,23.257416270684885,286.1805199715549,-19.409511627494815,143.4747537955467
186542,60523.142506875774,34.0,30.0,r,1.1183905363813573,1.2973120880551792,23.75346403435212,299.27757786303084,0.7407124492392483,160.10219242160633
186610,60523.174429328494,34.0,30.0,r,1.2283095308095224,1.4310334924690054,23.658071961530144,272.8834158741469,-30.638158306305986,257.3473955801174
186678,60523.204555599754,31.0,30.0,u,1.3002744695138448,1.5185820797005412,23.369897721640708,285.06805399264294,-24.60522973229246,244.9780981917846
186746,60523.235813624655,34.0,30.0,g,1.133112703281711,1.3152222667660718,24.224577499277522,288.7862964272273,-34.914003522501616,262.75960653159126
186814,60523.26941725645,34.0,30.0,r,1.4133695433824542,1.656167327715881,23.44345641738737,294.25550279455035,-30.555772666400802,253.43259986862984
186882,60523.30302328183,34.0,30.0,i,0.811130447497783,0.9235163594863539,23.728184234234355,8.622245048966313,-43.85489567458541,50.24933089734844
186950,60523.33592471651,34.0,30.0,g,1.1417062635054347,1.3256767195929864,24.180890360569556,52.449260780409006,-27.95623291347994,100.41471596497398
187018,60523.36970181767,34.0,30.0,g,1.1920369627937868,1.3869062807710302,24.147537384730416,35.109516229994476,-4.607632476828279,137.58220978890571
187086,60523.403735982996,34.0,30.0,r,0.896696831472448,1.0276117171197665,24.077697156385565,11.068040854973411,-21.022761880126033,225.01334760830866
210121,60571.97999732378,34.0,30.0,z,0.7688526062092523,0.8720834625416695,22.58532206486976,298.0580436487503,-39.63940569158156,57.76140650393592
210210,60572.02309437521,34.0,30.0,i,0.6388602424888415,0.7139419008380068,23.418247713646593,287.8596239899131,-46.7093578090711,330.87086223568065
210299,60572.06619409595,34.0,30.0,z,0.7623088420482682,0.8641226788908373,22.623559983428137,347.20643812293724,-42.285076463804195,73.39687437748148
210388,60572.109941032315,34.0,30.0,y,0.669506854452708,0.7512248837624185,22.0847207368921,330.7322467303647,2.110877554362733,169.05315506279157
210477,60572.1518453396,34.0,30.0,y,0.6644824714411823,0.7451124956705382,22.229772752614224,300.68308207722333,-41.92092229673164,270.09716344604277
210566,60572.19258022414,34.0,30.0,y,0.571054077184134,0.6314526486424988,22.41936446293653,326.48581796413094,-38.30792864426188,273.0085089983039
210655,60572.23481981142,34.0,30.0,z,0.7502748282965082,0.8494827594848031,22.69621723279059,357.1152656304308,-43.15261637229736,306.2392607061187
210744,60572.276604191,34.0,30.0,y,0.6817150115986531,0.76607665644605,22.014099361733944,352.146602652391,-21.25175274052573,241.37065889886497
210833,60572.317266877006,34.0,30.0,y,0.6066761773278659,0.674788536895214,22.230128998135296,22.385346643055385,-24.149871065309558,241.06357762519497
210922,60572.358377095814,34.0,30.0,y,0.7618770620392251,0.8635973990744831,22.064224697460176,49.52555992628469,-67.69076809315763,343.9921830570222
211014,60572.979846419796,34.0,30.0,z,0.7555363871176353,0.8558836826248605,22.559533858298465,268.1737414955952,-21.82403178398061,234.8599048193904
211102,60573.02223393219,34.0,30.0,i,0.8371630548468997,0.9551861981105836,23.604571255340655,268.1394265321212,-31.118081656407295,268.23788910593737
211190,60573.0641029134,34.0,30.0,z,0.7895835541706195,0.8973035938815322,22.922472915787324,289.98470400653173,-41.92444416321123,300.3872035654175
211278,60573.10692534021,34.0,30.0,i,0.9229656581506012,1.0595689271905124,23.029010728694796,306.98770588930836,-23.122290445391084,247.72966088153697
211366,60573.14830245495,34.0,30.0,z,0.8124851760958491,0.9251644478051693,22.798355559423626,319.4568028960579,-22.966107410542268,248.98759527138142
211454,60573.18992602602,34.0,30.0,y,0.8472136588790646,0.9674132103151638,22.060259665156053,334.1905615727485,-32.74469781213591,274.73618381575324
211542,60573.231953896975,34.0,30.0,i,0.7655745274943511,0.8680955322315707,23.05226897978857,352.4434902063584,-26.79164875654955,257.7701583618906
211630,60573.27358455035,34.0,30.0,z,0.8510013405483402,0.9720210955575915,22.725438391419036,15.762916597738755,-62.50877476978969,345.0836778285494
211718,60573.316260133564,34.0,30.0,i,0.8268742327205161,0.942669382871674,22.80120384625844,13.188937055751397,-21.507126642018072,249.2519797190804
211806,60573.35800791407,34.0,30.0,z,0.7313228552621234,0.8264268312191282,22.741432458310157,27.627298764137795,-26.423925640035762,258.3302312567769
211900,60573.98119203096,34.0,30.0,r,0.6884814373499056,0.7743083179439241,24.09223950971045,310.61046131738914,-31.337983813721124,137.10836330702224
211987,60574.02407315206,34.0,30.0,g,0.9259333942888158,1.0631793117868806,24.43503499071309,279.78273016891853,-17.127860438457137,271.0144794337973
212074,60574.06580196983,34.0,30.0,r,0.8434453433583795,0.9628288848642086,24.10764756575279,316.4309920694553,-15.63425862642929,211.8035917145278
212161,60574.106907239795,34.0,30.0,i,0.7379108406160961,0.8344414119417228,23.45659632504624,326.4383794853289,-3.525876942507115,225.58236889136114
212248,60574.14787392087,34.0,30.0,z,0.8090677510958931,0.9210069964670232,22.77734305658486,346.71115198460944,-2.818895018974614,215.25900897250497
212335,60574.190363405185,34.0,30.0,i,0.7571428263375634,0.8578379882452108,23.359499828964108,332.95181869504466,-28.322733627764446,301.06349501807944
212422,60574.232897278285,34.0,30.0,r,0.7718793820963172,0.875765671650021,23.095046582950104,10.033284959544234,-3.013163408611729,229.04771857751558
212509,60574.27371220811,34.0,30.0,i,0.7698469892008336,0.8732931742102599,23.101652085906515,3.7756506813229733,-12.50989682237079,270.4464846157687
212596,60574.31452880132,34.0,30.0,z,0.7959334164227462,0.9050284871322946,22.640945562766476,10.111064521165655,-7.894964489146603,271.91666910726155
212683,60574.356783230025,34.0,30.0,r,0.91771103032558,1.053176435919197,23.145163434267655,39.26772228911023,-33.09941351823511,317.03224881922466
212778,60574.98159215275,34.0,30.0,r,1.0411736105211227,1.2033742220451615,23.4957704797256,265.110840622181,3.359602185750982,253.96378979985278
212864,60575.02243323703,34.0,30.0,i,0.8661856619736584,0.9904935060506793,23.570554601142245,276.9552328880163,-8.851813653140571,268.3916743487693
212950,60575.06446723032,34.0,30.0,g,0.7636981504608444,0.8658128351105163,24.68826446564887,300.0915465867055,-16.26278078808806,267.4489257410654
213036,60575.105284539015,34.0,30.0,r,0.6663688551318557,0.747407366340457,24.29458045357859,290.7398491493909,-23.00242266152146,297.4839411713261
213122,60575.14735275119,34.0,30.0,g,0.7391366950691589,0.8359327190622371,24.222802064308016,342.340395633445,-12.336328190000147,231.87042084012023
213208,60575.18762204419,34.0,30.0,r,0.9385251768052005,1.0784977820014605,23.216369010018752,7.608900093785104,1.3470554703206064,212.95017960531268
213294,60575.22830680998,34.0,30.0,i,0.8762805031135323,1.0027743346879956,23.32148574105512,355.38610216260946,-34.079582209056205,327.48584847965077
213380,60575.27027854911,34.0,30.0,r,0.9303282185360856,1.0685258133042403,23.412598619807433,7.441000386260789,-36.486464867658555,331.7781352058141
213466,60575.31170324188,34.0,30.0,i,0.8462312174055499,0.9662180260408149,23.286021610364852,7.134613002917775,-60.07608152021625,352.8412034627884
213552,60575.352667301275,34.0,30.0,z,0.8163273574799745,0.9298386344038619,22.742640011592012,356.6404537502047,-67.1185981792652,331.75156580197574
213647,60575.981996662464,34.0,30.0,r,1.0022887349577863,1.1560690206299102,23.61056280508521,312.0342403412652,-32.56192458871156,90.52922707271082
213672,60575.99477811489,34.0,30.0,i,0.9409910175931532,1.0814975883128384,23.491191607367515,318.2981046418226,-36.150831868196995,83.13541716021064
213697,60576.006300063265,34.0,30.0,i,0.9357494477590965,1.0751209826752999,23.539630482548578,318.0801771349894,-42.56349662882602,64.23398294311043
213722,60576.017844069705,34.0,30.0,i,1.139967783647406,1.3235617805929514,23.29959488550475,287.6075342664026,-57.11368628962984,339.27058210453464
213747,60576.03100127334,34.0,30.0,z,1.0921702779058837,1.265413963389153,22.737484075164485,318.0801771349894,-42.56349662882602,48.64891333314848
213772,60576.04264275644,34.0,30.0,z,0.7635863497840223,0.8656768245547717,23.101450936837857,287.6075342664026,-57.11368628962984,323.9126998583694
213797,60576.05524567128,34.0,30.0,g,0.8674606698288492,0.9920446104973835,24.403730760634346,266.7105780989854,-28.23218889809909,254.56547558113954
213822,60576.0670339957,34.0,30.0,g,1.089213097275595,1.2618164200433029,24.1906714699105,278.32861381366297,-24.751417728879858,250.78454764218733
213847,60576.0795627909,34.0,30.0,r,1.285799188486699,1.5009722487672739,23.436757318199632,266.7105780989854,-28.23218889809909,252.60718508213867
213872,60576.09107293622,34.0,30.0,r,0.9005275023260877,1.0322719006400094,24.028045197877425,293.94561396844404,-52.90625001717093,302.2290454472107
213901,60577.12019624832,34.0,30.0,r,0.5644488972246261,0.6234171499083042,24.59452528976783,9.148508475999504,-44.15591564158677,88.72725333721291
213915,60577.12602958159,34.0,30.0,r,0.57939700573219,0.641602196754489,24.570281608793593,9.148508475999504,-44.15591564158677,85.89683925224287
213929,60577.1332286556,34.0,30.0,g,0.5588890174427154,0.6166533058913812,25.121141023987143,9.148508475999504,-44.15591564158677,82.81559880673456
213943,60577.14042772961,34.0,30.0,i,0.5565823701953897,0.6138471656878219,24.150427838900722,9.148508475999504,-44.15591564158677,79.4309059813468
213957,60577.14762680362,34.0,30.0,y,0.549675529901907,0.6054446835789623,22.671905469874595,9.148508475999504,-44.15591564158677,75.6833892148844
213971,60577.15482587763,34.0,30.0,z,0.5297454301445342,0.5811988201271706,23.573163249717023,9.148508475999504,-44.15591564158677,72.33267893837552
213985,60577.16066019662,34.0,30.0,z,0.5603095344884919,0.6183814288181165,23.510511508976162,9.148508475999504,-44.15591564158677,67.74082485050603
213999,60577.16795800694,34.0,30.0,g,0.6861868347888631,0.7715168306433857,24.89197363845422,18.674245741223764,-43.304426679132945,81.5832162994755
214013,60577.17458578755,34.0,30.0,g,0.6260562377038064,0.6983652526810297,25.00238770776459,3.134819236377913,-57.94082066731034,29.86889260556552
214027,60577.181001021556,34.0,30.0,g,0.5896464132141614,0.6540710623043327,25.079624501983968,349.795424157547,-54.04045942618979,358.8808368834473
